id,part,quantity,origin,evidence,source,material_or_spec,price_USD,quote_date,status
HW-101,EC-A5013-H17-100,2,original Asimov,"official actuator IDs 13,18",https://docs.menlo.ai/asimov/1/build/assembly-preparations,,unquoted,,"retained hardware; IDs 1/7 inactive structural pelvis motors, neck 24/25 locked in simulation; no saving claimed"
HW-102,EC-A4315-P2-36,2,original Asimov,"official actuator IDs 14,19",https://docs.menlo.ai/asimov/1/build/assembly-preparations,,unquoted,,"retained hardware; IDs 1/7 inactive structural pelvis motors, neck 24/25 locked in simulation; no saving claimed"
HW-103,EC-A3814-H14-107,2,original Asimov,"official actuator IDs 15,20",https://docs.menlo.ai/asimov/1/build/assembly-preparations,,unquoted,,"retained hardware; IDs 1/7 inactive structural pelvis motors, neck 24/25 locked in simulation; no saving claimed"
HW-104,EC-A4310-P2-36,6,original Asimov,"official actuator IDs 16,17,21,22,24,25",https://docs.menlo.ai/asimov/1/build/assembly-preparations,,unquoted,,"retained hardware; IDs 1/7 inactive structural pelvis motors, neck 24/25 locked in simulation; no saving claimed"
HW-105,EC-A6416-P2-25,3,original Asimov,"official actuator IDs 1,7,23",https://docs.menlo.ai/asimov/1/build/assembly-preparations,,unquoted,,"retained hardware; IDs 1/7 inactive structural pelvis motors, neck 24/25 locked in simulation; no saving claimed"
ASV1_100_01C,ASV1_100_01C,1,original Asimov,"official torso module checklist; assembly inventory, not shipping quote",https://docs.menlo.ai/asimov/1/build/assembly-preparations/part-organisation/torso,MJF_PA12,unquoted,,pinned CAD: mechanical/ASV1/100/FABRICATION/MJF_PA12/ASV1_100_01C.STEP
ASV1_100_02A,ASV1_100_02A,1,original Asimov,"official torso module checklist; assembly inventory, not shipping quote",https://docs.menlo.ai/asimov/1/build/assembly-preparations/part-organisation/torso,ALU_7075,unquoted,,pinned CAD: mechanical/ASV1/100/FABRICATION/ALU_7075/ASV1_100_02A.STEP
ASV1_100_03A,ASV1_100_03A,1,original Asimov,"official torso module checklist; assembly inventory, not shipping quote",https://docs.menlo.ai/asimov/1/build/assembly-preparations/part-organisation/torso,ALU_7075,unquoted,,pinned CAD: mechanical/ASV1/100/FABRICATION/ALU_7075/ASV1_100_03A.STEP
ASV1_100_04C,ASV1_100_04C,1,original Asimov,"official torso module checklist; assembly inventory, not shipping quote",https://docs.menlo.ai/asimov/1/build/assembly-preparations/part-organisation/torso,MJF_PA12,unquoted,,pinned CAD: mechanical/ASV1/100/FABRICATION/MJF_PA12/ASV1_100_04C.STEP
ASV1_100_05A,ASV1_100_05A,1,original Asimov,"official torso module checklist; assembly inventory, not shipping quote",https://docs.menlo.ai/asimov/1/build/assembly-preparations/part-organisation/torso,ALU_7075,unquoted,,pinned CAD: mechanical/ASV1/100/FABRICATION/ALU_7075/ASV1_100_05A.STEP
ASV1_100_06C,ASV1_100_06C,1,original Asimov,"official torso module checklist; assembly inventory, not shipping quote",https://docs.menlo.ai/asimov/1/build/assembly-preparations/part-organisation/torso,MJF_PA12,unquoted,,pinned CAD: mechanical/ASV1/100/FABRICATION/MJF_PA12/ASV1_100_06C.STEP
ASV1_100_08A,ASV1_100_08A,1,original Asimov,"official torso module checklist; assembly inventory, not shipping quote",https://docs.menlo.ai/asimov/1/build/assembly-preparations/part-organisation/torso,ALU_7075,unquoted,,pinned CAD: mechanical/ASV1/100/FABRICATION/ALU_7075/ASV1_100_08A.STEP
ASV1_100_10C,ASV1_100_10C,1,original Asimov,"official torso module checklist; assembly inventory, not shipping quote",https://docs.menlo.ai/asimov/1/build/assembly-preparations/part-organisation/torso,MJF_PA12,unquoted,,pinned CAD: mechanical/ASV1/100/FABRICATION/MJF_PA12/ASV1_100_10C.STEP
ASV1_100_12C,ASV1_100_12C,1,original Asimov,"official torso module checklist; assembly inventory, not shipping quote",https://docs.menlo.ai/asimov/1/build/assembly-preparations/part-organisation/torso,MJF_PA12,unquoted,,pinned CAD: mechanical/ASV1/100/FABRICATION/MJF_PA12/ASV1_100_12C.STEP
ASV1_100_14X,ASV1_100_14X,1,original Asimov,"official torso module checklist; assembly inventory, not shipping quote",https://docs.menlo.ai/asimov/1/build/assembly-preparations/part-organisation/torso,OFF_THE_SHELF,unquoted,,pinned CAD: mechanical/ASV1/100/FABRICATION/OFF_THE_SHELF/ASV1_100_14X.STEP
ASV1_100_16C,ASV1_100_16C,1,original Asimov,"official torso module checklist; assembly inventory, not shipping quote",https://docs.menlo.ai/asimov/1/build/assembly-preparations/part-organisation/torso,MJF_PA12,unquoted,,pinned CAD: mechanical/ASV1/100/FABRICATION/MJF_PA12/ASV1_100_16C.STEP
ASV1_300_01A,ASV1_300_01A,1,original Asimov,"official right-arm module checklist; assembly inventory, not shipping quote",https://docs.menlo.ai/asimov/1/build/assembly-preparations/part-organisation/right-arm,ALU_7075,unquoted,,pinned CAD: mechanical/ASV1/300/FABRICATION/ALU_7075/ASV1_300_01A.STEP
ASV1_300_02A,ASV1_300_02A,1,original Asimov,"official right-arm module checklist; assembly inventory, not shipping quote",https://docs.menlo.ai/asimov/1/build/assembly-preparations/part-organisation/right-arm,ALU_7075,unquoted,,pinned CAD: mechanical/ASV1/300/FABRICATION/ALU_7075/ASV1_300_02A.STEP
ASV1_300_03A,ASV1_300_03A,1,original Asimov,"official right-arm module checklist; assembly inventory, not shipping quote",https://docs.menlo.ai/asimov/1/build/assembly-preparations/part-organisation/right-arm,ALU_7075,unquoted,,pinned CAD: mechanical/ASV1/300/FABRICATION/ALU_7075/ASV1_300_03A.STEP
ASV1_300_04B,ASV1_300_04B,1,original Asimov,"official right-arm module checklist; assembly inventory, not shipping quote",https://docs.menlo.ai/asimov/1/build/assembly-preparations/part-organisation/right-arm,SML_316L,unquoted,,pinned CAD: mechanical/ASV1/300/FABRICATION/SML_316L/ASV1_300_04B.STEP
ASV1_300_05A,ASV1_300_05A,1,original Asimov,"official right-arm module checklist; assembly inventory, not shipping quote",https://docs.menlo.ai/asimov/1/build/assembly-preparations/part-organisation/right-arm,ALU_7075,unquoted,,pinned CAD: mechanical/ASV1/300/FABRICATION/ALU_7075/ASV1_300_05A.STEP
ASV1_300_06B,ASV1_300_06B,1,original Asimov,"official right-arm module checklist; assembly inventory, not shipping quote",https://docs.menlo.ai/asimov/1/build/assembly-preparations/part-organisation/right-arm,SML_316L,unquoted,,pinned CAD: mechanical/ASV1/300/FABRICATION/SML_316L/ASV1_300_06B.STEP
ASV1_300_07A,ASV1_300_07A,1,original Asimov,"official right-arm module checklist; assembly inventory, not shipping quote",https://docs.menlo.ai/asimov/1/build/assembly-preparations/part-organisation/right-arm,ALU_7075,unquoted,,pinned CAD: mechanical/ASV1/300/FABRICATION/ALU_7075/ASV1_300_07A.STEP
ASV1_300_08A,ASV1_300_08A,1,original Asimov,"official right-arm module checklist; assembly inventory, not shipping quote",https://docs.menlo.ai/asimov/1/build/assembly-preparations/part-organisation/right-arm,ALU_7075,unquoted,,pinned CAD: mechanical/ASV1/300/FABRICATION/ALU_7075/ASV1_300_08A.STEP
ASV1_300_09A,ASV1_300_09A,1,original Asimov,"official right-arm module checklist; assembly inventory, not shipping quote",https://docs.menlo.ai/asimov/1/build/assembly-preparations/part-organisation/right-arm,ALU_7075,unquoted,,pinned CAD: mechanical/ASV1/300/FABRICATION/ALU_7075/ASV1_300_09A.STEP
ASV1_300_10A,ASV1_300_10A,1,original Asimov,"official right-arm module checklist; assembly inventory, not shipping quote",https://docs.menlo.ai/asimov/1/build/assembly-preparations/part-organisation/right-arm,ALU_7075,unquoted,,pinned CAD: mechanical/ASV1/300/FABRICATION/ALU_7075/ASV1_300_10A.STEP
ASV1_300_11A,ASV1_300_11A,1,original Asimov,"official right-arm module checklist; assembly inventory, not shipping quote",https://docs.menlo.ai/asimov/1/build/assembly-preparations/part-organisation/right-arm,ALU_7075,unquoted,,pinned CAD: mechanical/ASV1/300/FABRICATION/ALU_7075/ASV1_300_11A.STEP
ASV1_300_12B,ASV1_300_12B,1,original Asimov,"official right-arm module checklist; assembly inventory, not shipping quote",https://docs.menlo.ai/asimov/1/build/assembly-preparations/part-organisation/right-arm,SML_316L,unquoted,,pinned CAD: mechanical/ASV1/300/FABRICATION/SML_316L/ASV1_300_12B.STEP
ASV1_300_13C,ASV1_300_13C,1,original Asimov,"official right-arm module checklist; assembly inventory, not shipping quote",https://docs.menlo.ai/asimov/1/build/assembly-preparations/part-organisation/right-arm,MJF_PA12,unquoted,,pinned CAD: mechanical/ASV1/300/FABRICATION/MJF_PA12/ASV1_300_13C.STEP
ASV1_300_14C,ASV1_300_14C,1,original Asimov,"official right-arm module checklist; assembly inventory, not shipping quote",https://docs.menlo.ai/asimov/1/build/assembly-preparations/part-organisation/right-arm,MJF_PA12,unquoted,,pinned CAD: mechanical/ASV1/300/FABRICATION/MJF_PA12/ASV1_300_14C.STEP
ASV1_300_15C,ASV1_300_15C,1,original Asimov,"official right-arm module checklist; assembly inventory, not shipping quote",https://docs.menlo.ai/asimov/1/build/assembly-preparations/part-organisation/right-arm,MJF_PA12,unquoted,,pinned CAD: mechanical/ASV1/300/FABRICATION/MJF_PA12/ASV1_300_15C.STEP
ASV1_300_16C,ASV1_300_16C,1,original Asimov,"official right-arm module checklist; assembly inventory, not shipping quote",https://docs.menlo.ai/asimov/1/build/assembly-preparations/part-organisation/right-arm,MJF_PA12,unquoted,,pinned CAD: mechanical/ASV1/300/FABRICATION/MJF_PA12/ASV1_300_16C.STEP
ASV1_400_01A,ASV1_400_01A,1,original Asimov,"official left-arm module checklist; assembly inventory, not shipping quote",https://docs.menlo.ai/asimov/1/build/assembly-preparations/part-organisation/left-arm,ALU_7075,unquoted,,pinned CAD: mechanical/ASV1/400/FABRICATION/ALU_7075/ASV1_400_01A.STEP
ASV1_400_02A,ASV1_400_02A,1,original Asimov,"official left-arm module checklist; assembly inventory, not shipping quote",https://docs.menlo.ai/asimov/1/build/assembly-preparations/part-organisation/left-arm,ALU_7075,unquoted,,pinned CAD: mechanical/ASV1/400/FABRICATION/ALU_7075/ASV1_400_02A.STEP
ASV1_400_03A,ASV1_400_03A,1,original Asimov,"official left-arm module checklist; assembly inventory, not shipping quote",https://docs.menlo.ai/asimov/1/build/assembly-preparations/part-organisation/left-arm,ALU_7075,unquoted,,pinned CAD: mechanical/ASV1/400/FABRICATION/ALU_7075/ASV1_400_03A.STEP
ASV1_400_04B,ASV1_400_04B,1,original Asimov,"official left-arm module checklist; assembly inventory, not shipping quote",https://docs.menlo.ai/asimov/1/build/assembly-preparations/part-organisation/left-arm,SML_316L,unquoted,,pinned CAD: mechanical/ASV1/400/FABRICATION/SML_316L/ASV1_400_04B.STEP
ASV1_400_05A,ASV1_400_05A,1,original Asimov,"official left-arm module checklist; assembly inventory, not shipping quote",https://docs.menlo.ai/asimov/1/build/assembly-preparations/part-organisation/left-arm,ALU_7075,unquoted,,pinned CAD: mechanical/ASV1/400/FABRICATION/ALU_7075/ASV1_400_05A.STEP
ASV1_400_06B,ASV1_400_06B,1,original Asimov,"official left-arm module checklist; assembly inventory, not shipping quote",https://docs.menlo.ai/asimov/1/build/assembly-preparations/part-organisation/left-arm,SML_316L,unquoted,,pinned CAD: mechanical/ASV1/400/FABRICATION/SML_316L/ASV1_400_06B.STEP
ASV1_400_07A,ASV1_400_07A,1,original Asimov,"official left-arm module checklist; assembly inventory, not shipping quote",https://docs.menlo.ai/asimov/1/build/assembly-preparations/part-organisation/left-arm,ALU_7075,unquoted,,pinned CAD: mechanical/ASV1/400/FABRICATION/ALU_7075/ASV1_400_07A.STEP
ASV1_400_08A,ASV1_400_08A,1,original Asimov,"official left-arm module checklist; assembly inventory, not shipping quote",https://docs.menlo.ai/asimov/1/build/assembly-preparations/part-organisation/left-arm,ALU_7075,unquoted,,pinned CAD: mechanical/ASV1/400/FABRICATION/ALU_7075/ASV1_400_08A.STEP
ASV1_400_09A,ASV1_400_09A,1,original Asimov,"official left-arm module checklist; assembly inventory, not shipping quote",https://docs.menlo.ai/asimov/1/build/assembly-preparations/part-organisation/left-arm,ALU_7075,unquoted,,pinned CAD: mechanical/ASV1/400/FABRICATION/ALU_7075/ASV1_400_09A.STEP
ASV1_400_10A,ASV1_400_10A,1,original Asimov,"official left-arm module checklist; assembly inventory, not shipping quote",https://docs.menlo.ai/asimov/1/build/assembly-preparations/part-organisation/left-arm,ALU_7075,unquoted,,pinned CAD: mechanical/ASV1/400/FABRICATION/ALU_7075/ASV1_400_10A.STEP
ASV1_400_11A,ASV1_400_11A,1,original Asimov,"official left-arm module checklist; assembly inventory, not shipping quote",https://docs.menlo.ai/asimov/1/build/assembly-preparations/part-organisation/left-arm,ALU_7075,unquoted,,pinned CAD: mechanical/ASV1/400/FABRICATION/ALU_7075/ASV1_400_11A.STEP
ASV1_400_12B,ASV1_400_12B,1,original Asimov,"official left-arm module checklist; assembly inventory, not shipping quote",https://docs.menlo.ai/asimov/1/build/assembly-preparations/part-organisation/left-arm,SML_316L,unquoted,,pinned CAD: mechanical/ASV1/400/FABRICATION/SML_316L/ASV1_400_12B.STEP
ASV1_400_13C,ASV1_400_13C,1,original Asimov,"official left-arm module checklist; assembly inventory, not shipping quote",https://docs.menlo.ai/asimov/1/build/assembly-preparations/part-organisation/left-arm,MJF_PA12,unquoted,,pinned CAD: mechanical/ASV1/400/FABRICATION/MJF_PA12/ASV1_400_13C.STEP
ASV1_400_14C,ASV1_400_14C,1,original Asimov,"official left-arm module checklist; assembly inventory, not shipping quote",https://docs.menlo.ai/asimov/1/build/assembly-preparations/part-organisation/left-arm,MJF_PA12,unquoted,,pinned CAD: mechanical/ASV1/400/FABRICATION/MJF_PA12/ASV1_400_14C.STEP
ASV1_400_15C,ASV1_400_15C,1,original Asimov,"official left-arm module checklist; assembly inventory, not shipping quote",https://docs.menlo.ai/asimov/1/build/assembly-preparations/part-organisation/left-arm,MJF_PA12,unquoted,,pinned CAD: mechanical/ASV1/400/FABRICATION/MJF_PA12/ASV1_400_15C.step
ASV1_400_16C,ASV1_400_16C,1,original Asimov,"official left-arm module checklist; assembly inventory, not shipping quote",https://docs.menlo.ai/asimov/1/build/assembly-preparations/part-organisation/left-arm,MJF_PA12,unquoted,,pinned CAD: mechanical/ASV1/400/FABRICATION/MJF_PA12/ASV1_400_16C.step
ASV1_700_01B,ASV1_700_01B,1,original Asimov,"official head module checklist; assembly inventory, not shipping quote",https://docs.menlo.ai/asimov/1/build/assembly-preparations/part-organisation/head,SML_316L,unquoted,,pinned CAD: mechanical/ASV1/700/FABRICATION/SML_316L/ASV1_700_01B.STEP
ASV1_700_02B,ASV1_700_02B,1,original Asimov,"official head module checklist; assembly inventory, not shipping quote",https://docs.menlo.ai/asimov/1/build/assembly-preparations/part-organisation/head,SML_316L,unquoted,,pinned CAD: mechanical/ASV1/700/FABRICATION/SML_316L/ASV1_700_02B.STEP
ASV1_700_03C,ASV1_700_03C,1,original Asimov,"official head module checklist; assembly inventory, not shipping quote",https://docs.menlo.ai/asimov/1/build/assembly-preparations/part-organisation/head,MJF_PA12,unquoted,,pinned CAD: mechanical/ASV1/700/FABRICATION/MJF_PA12/ASV1_700_03C.STEP
ASV1_700_04C,ASV1_700_04C,1,original Asimov,"official head module checklist; assembly inventory, not shipping quote",https://docs.menlo.ai/asimov/1/build/assembly-preparations/part-organisation/head,MJF_PA12,unquoted,,pinned CAD: mechanical/ASV1/700/FABRICATION/MJF_PA12/ASV1_700_04C.STEP
ASV1_700_05C,ASV1_700_05C,1,original Asimov,"official head module checklist; assembly inventory, not shipping quote",https://docs.menlo.ai/asimov/1/build/assembly-preparations/part-organisation/head,MJF_PA12,unquoted,,pinned CAD: mechanical/ASV1/700/FABRICATION/MJF_PA12/ASV1_700_05C.STEP
ASV1_700_06C,ASV1_700_06C,1,original Asimov,"official head module checklist; assembly inventory, not shipping quote",https://docs.menlo.ai/asimov/1/build/assembly-preparations/part-organisation/head,MJF_PA12,unquoted,,pinned CAD: mechanical/ASV1/700/FABRICATION/MJF_PA12/ASV1_700_06C.STEP
ASV1_700_07C,ASV1_700_07C,1,original Asimov,"official head module checklist; assembly inventory, not shipping quote",https://docs.menlo.ai/asimov/1/build/assembly-preparations/part-organisation/head,MJF_PA12,unquoted,,pinned CAD: mechanical/ASV1/700/FABRICATION/MJF_PA12/ASV1_700_07C.STEP
ASV1_700_08X,ASV1_700_08X,1,original Asimov,"official head module checklist; assembly inventory, not shipping quote",https://docs.menlo.ai/asimov/1/build/assembly-preparations/part-organisation/head,OFF_THE_SHELF,unquoted,,pinned CAD: mechanical/ASV1/700/FABRICATION/OFF_THE_SHELF/ASV1_700_08X.STEP
ASV1_200_01C,ASV1_200_01C,1,original Asimov,pelvis subset retained; hip roll/yaw subassemblies removed,https://docs.menlo.ai/asimov/1/build/assembly-preparations/part-organisation/pelvis,MJF_PA12,unquoted,,source CAD: mechanical/ASV1/200/FABRICATION/MJF_PA12/ASV1_200_01C.STEP
ASV1_200_02A,ASV1_200_02A,1,original Asimov,pelvis subset retained; hip roll/yaw subassemblies removed,https://docs.menlo.ai/asimov/1/build/assembly-preparations/part-organisation/pelvis,ALU_7075,unquoted,,source CAD: mechanical/ASV1/200/FABRICATION/ALU_7075/ASV1_200_02A.STEP
ASV1_200_03A,ASV1_200_03A,1,original Asimov,pelvis subset retained; hip roll/yaw subassemblies removed,https://docs.menlo.ai/asimov/1/build/assembly-preparations/part-organisation/pelvis,ALU_7075,unquoted,,source CAD: mechanical/ASV1/200/FABRICATION/ALU_7075/ASV1_200_03A.STEP
ASV1_200_15C,ASV1_200_15C,2,original Asimov,pelvis subset retained; hip roll/yaw subassemblies removed,https://docs.menlo.ai/asimov/1/build/assembly-preparations/part-organisation/pelvis,MJF_PA12,unquoted,,source CAD: mechanical/ASV1/200/FABRICATION/MJF_PA12/ASV1_200_15C.STEP
ASV1_200_16A,ASV1_200_16A,1,original Asimov,pelvis subset retained; hip roll/yaw subassemblies removed,https://docs.menlo.ai/asimov/1/build/assembly-preparations/part-organisation/pelvis,ALU_7075,unquoted,,source 16A STEP invalid; physical pelvis contents and retained quantity require specimen audit
HW-E01,Radxa CM5,1,original Asimov,official module checklist,https://docs.menlo.ai/asimov/1/build/assembly-preparations/part-organisation/torso,,unquoted,,source hardware; specific revision/connector drawings and quoted price required; mass already inside source assembly budget pending weighing
HW-E02,Radxa Carrier Board,1,original Asimov,official module checklist,https://docs.menlo.ai/asimov/1/build/assembly-preparations/part-organisation/torso,,unquoted,,source hardware; specific revision/connector drawings and quoted price required; mass already inside source assembly budget pending weighing
HW-E03,Power Distribution Board,1,original Asimov,official module checklist,https://docs.menlo.ai/asimov/1/build/assembly-preparations/part-organisation/torso,,unquoted,,source hardware; specific revision/connector drawings and quoted price required; mass already inside source assembly budget pending weighing
HW-E04,Raspberry Pi 5,1,original Asimov,official module checklist,https://docs.menlo.ai/asimov/1/build/assembly-preparations/part-organisation/head,,unquoted,,source hardware; specific revision/connector drawings and quoted price required; mass already inside source assembly budget pending weighing
HW-E05,Head Board,1,original Asimov,official module checklist,https://docs.menlo.ai/asimov/1/build/assembly-preparations/part-organisation/head,,unquoted,,source hardware; specific revision/connector drawings and quoted price required; mass already inside source assembly budget pending weighing
HW-E06,Media HAT Board,1,original Asimov,official module checklist,https://docs.menlo.ai/asimov/1/build/assembly-preparations/part-organisation/head,,unquoted,,source hardware; specific revision/connector drawings and quoted price required; mass already inside source assembly budget pending weighing
HW-E07,RTC battery,1,original Asimov,official module checklist,https://docs.menlo.ai/asimov/1/build/assembly-preparations/part-organisation/head,,unquoted,,source hardware; specific revision/connector drawings and quoted price required; mass already inside source assembly budget pending weighing
HW-E08,Speaker,1,original Asimov,official module checklist,https://docs.menlo.ai/asimov/1/build/assembly-preparations/part-organisation/torso,,unquoted,,source hardware; specific revision/connector drawings and quoted price required; mass already inside source assembly budget pending weighing
HW-E09,Fan,1,original Asimov,official module checklist,https://docs.menlo.ai/asimov/1/build/assembly-preparations/part-organisation/torso,,unquoted,,source hardware; specific revision/connector drawings and quoted price required; mass already inside source assembly budget pending weighing
HW-E10,Asimov upper-body battery,1,original Asimov,official module checklist,https://docs.menlo.ai/asimov/1/build/assembly-preparations/part-organisation/torso,,unquoted,,source hardware; specific revision/connector drawings and quoted price required; mass already inside source assembly budget pending weighing
HW-E11,2 MP monocular camera,1,original Asimov,official electrical specification,https://docs.menlo.ai/asimov/1/overview/system-tour/electrical,,unquoted,,exact camera module and price not published here; no $500 camera allowance used
NEW-201,Wheel/motor assembly,2,new requirement,engineering assumption,parameters.json,"160 mm OD, 45 mm width, 1.5 kg allowance each; >=6 Nm transient torque requirement; 14 mm shaft or redesign",unquoted,,"blocked: select actual SKU, fit drawing and quotation before manufacture"
NEW-202,Protected drive battery,1,new requirement,engineering assumption,parameters.json,"10S drive-domain proposal, 2.3 kg allowance; no chosen cell, BMS, connector or enclosure",unquoted,,"blocked: select actual SKU, fit drawing and quotation before manufacture"
NEW-402,Local balance controller + IMU,1,new requirement,engineering assumption,parameters.json,fresh local IMU and encoders; 5 ms deterministic loop target; no chosen MCU/IMU,unquoted,,"blocked: select actual SKU, fit drawing and quotation before manufacture"
NEW-403,Independent two-wheel FOC drive,1,new requirement,engineering assumption,parameters.json,source-compatible board and actual voltage/current/regen limits required,unquoted,,"blocked: select actual SKU, fit drawing and quotation before manufacture"
NEW-404,"Fuses, disconnect, harness and converters",1,new requirement,engineering assumption,parameters.json,electrical protection must be sized to selected hardware; no completed wiring diagram,unquoted,,"blocked: select actual SKU, fit drawing and quotation before manufacture"
NEW-405,M6 split-clamp screws,4,new requirement,engineering assumption,parameters.json,"proposed 8.8 grade; 7 kN preload calculation only, length and wrench torque unresolved",unquoted,,"blocked: select actual SKU, fit drawing and quotation before manufacture"
NEW-406,M5 clamp-to-seat fasteners,4,new requirement,engineering assumption,parameters.json,grade and nut/engagement stack unresolved,unquoted,,"blocked: select actual SKU, fit drawing and quotation before manufacture"
NEW-407,M4 cradle hardware and spacers,16,new requirement,engineering assumption,parameters.json,"source 8-hole pattern each side; lengths, grade and source thread/through-hole stack unresolved",unquoted,,"blocked: select actual SKU, fit drawing and quotation before manufacture"
NEW-401,Hands/end effectors,2,new requirement,engineering assumption,parameters.json,0.5 kg allowance each; wrist adapter and geometry unresolved,unquoted,,"blocked: select actual SKU, fit drawing and quotation before manufacture"
