id,part,quantity,mass_kg,evidence,path,status,price_USD
PART-SRC-001,pelvis_link,1,3.50691251175897,pinned source MJCF assembly inertia,sim-model/assets/meshes/IMU_ORIGIN.STL,source assembly retained; procurement SKU and fastener contents not reconstructed from STL,unquoted
PART-SRC-002,waist_yaw_link,1,8.20850158063177,pinned source MJCF assembly inertia,sim-model/assets/meshes/WAIST_YAW.STL,source assembly retained; procurement SKU and fastener contents not reconstructed from STL,unquoted
PART-SRC-003,neck_yaw_link,1,0.53278930532821,pinned source MJCF assembly inertia,sim-model/assets/meshes/NECK_YAW.STL,source assembly retained; procurement SKU and fastener contents not reconstructed from STL,unquoted
PART-SRC-004,neck_pitch_link,1,0.394055609177456,pinned source MJCF assembly inertia,sim-model/assets/meshes/NECK_PITCH.STL,source assembly retained; procurement SKU and fastener contents not reconstructed from STL,unquoted
PART-SRC-005,right_shoulder_pitch_link,1,0.599156105726411,pinned source MJCF assembly inertia,sim-model/assets/meshes/RIGHT_SHOULDER_PITCH.STL,source assembly retained; procurement SKU and fastener contents not reconstructed from STL,unquoted
PART-SRC-006,right_shoulder_roll_link,1,1.31322237625579,pinned source MJCF assembly inertia,sim-model/assets/meshes/RIGHT_SHOULDER_ROLL.STL,source assembly retained; procurement SKU and fastener contents not reconstructed from STL,unquoted
PART-SRC-007,right_shoulder_yaw_link,1,0.712261755331765,pinned source MJCF assembly inertia,sim-model/assets/meshes/RIGHT_SHOULDER_YAW.STL,source assembly retained; procurement SKU and fastener contents not reconstructed from STL,unquoted
PART-SRC-008,right_elbow_link,1,0.662314258886328,pinned source MJCF assembly inertia,sim-model/assets/meshes/RIGHT_ELBOW.STL,source assembly retained; procurement SKU and fastener contents not reconstructed from STL,unquoted
PART-SRC-009,right_wrist_yaw_link,1,0.0580595106779709,pinned source MJCF assembly inertia,sim-model/assets/meshes/RIGHT_WRIST_YAW.STL,source assembly retained; procurement SKU and fastener contents not reconstructed from STL,unquoted
PART-SRC-010,left_shoulder_pitch_link,1,0.599157136550892,pinned source MJCF assembly inertia,sim-model/assets/meshes/LEFT_SHOULDER_PITCH.STL,source assembly retained; procurement SKU and fastener contents not reconstructed from STL,unquoted
PART-SRC-011,left_shoulder_roll_link,1,1.3132281302001,pinned source MJCF assembly inertia,sim-model/assets/meshes/LEFT_SHOULDER_ROLL.STL,source assembly retained; procurement SKU and fastener contents not reconstructed from STL,unquoted
PART-SRC-012,left_shoulder_yaw_link,1,0.712261755331765,pinned source MJCF assembly inertia,sim-model/assets/meshes/LEFT_SHOULDER_YAW.STL,source assembly retained; procurement SKU and fastener contents not reconstructed from STL,unquoted
PART-SRC-013,left_elbow_link,1,0.662317601299901,pinned source MJCF assembly inertia,sim-model/assets/meshes/LEFT_ELBOW.STL,source assembly retained; procurement SKU and fastener contents not reconstructed from STL,unquoted
PART-SRC-014,left_wrist_yaw_link,1,0.058058790654763,pinned source MJCF assembly inertia,sim-model/assets/meshes/LEFT_WRIST_YAW.STL,source assembly retained; procurement SKU and fastener contents not reconstructed from STL,unquoted
PART-101_deck,deck,1,1.6547374257229306,CAD volume x assumed aluminum density,prototypes/balancing-body/cad/concept/PART-101_deck.step,new fabrication geometry; connections provisional,unquoted
PART-102_column,column,1,0.25615439999999995,CAD volume x assumed aluminum density,prototypes/balancing-body/cad/concept/PART-102_column.step,new fabrication geometry; connections provisional,unquoted
PART-103_interface_blank,interface_blank,1,0.4125030660289559,CAD volume x assumed aluminum density,prototypes/balancing-body/cad/concept/PART-103_interface_blank.step,new fabrication geometry; connections provisional,unquoted
PART-105_left_pelvis_cradle,left_pelvis_cradle,1,0.30075459631927715,CAD volume x assumed aluminum density,prototypes/balancing-body/cad/concept/PART-105_left_pelvis_cradle.step,new fabrication geometry; connections provisional,unquoted
PART-105_right_pelvis_cradle,right_pelvis_cradle,1,0.30075459631927715,CAD volume x assumed aluminum density,prototypes/balancing-body/cad/concept/PART-105_right_pelvis_cradle.step,new fabrication geometry; connections provisional,unquoted
PART-104_right_axle_seat,right_axle_seat,1,0.3238969469906218,CAD volume x assumed aluminum density,prototypes/balancing-body/cad/concept/PART-104_right_axle_seat.step,new fabrication geometry; connections provisional,unquoted
PART-106_right_torque_clamp_lower,right_torque_clamp_lower,1,0.06762388843578643,CAD volume x assumed aluminum density,prototypes/balancing-body/cad/concept/PART-106_right_torque_clamp_lower.step,new fabrication geometry; connections provisional,unquoted
PART-106_right_torque_clamp_cap,right_torque_clamp_cap,1,0.06942001549566003,CAD volume x assumed aluminum density,prototypes/balancing-body/cad/concept/PART-106_right_torque_clamp_cap.step,new fabrication geometry; connections provisional,unquoted
PART-201_right_wheel_ENVELOPE,right_wheel_ENVELOPE,1,1.5,provisional allowance,prototypes/balancing-body/cad/concept/PART-201_right_wheel_ENVELOPE.step,purchased motor/battery envelope: SKU unresolved,unquoted
PART-104_left_axle_seat,left_axle_seat,1,0.3238969469906218,CAD volume x assumed aluminum density,prototypes/balancing-body/cad/concept/PART-104_left_axle_seat.step,new fabrication geometry; connections provisional,unquoted
PART-106_left_torque_clamp_lower,left_torque_clamp_lower,1,0.06762388843578643,CAD volume x assumed aluminum density,prototypes/balancing-body/cad/concept/PART-106_left_torque_clamp_lower.step,new fabrication geometry; connections provisional,unquoted
PART-106_left_torque_clamp_cap,left_torque_clamp_cap,1,0.06942001549566003,CAD volume x assumed aluminum density,prototypes/balancing-body/cad/concept/PART-106_left_torque_clamp_cap.step,new fabrication geometry; connections provisional,unquoted
PART-201_left_wheel_ENVELOPE,left_wheel_ENVELOPE,1,1.5,provisional allowance,prototypes/balancing-body/cad/concept/PART-201_left_wheel_ENVELOPE.step,purchased motor/battery envelope: SKU unresolved,unquoted
PART-202_battery_ENVELOPE,battery_ENVELOPE,1,2.3,provisional allowance,prototypes/balancing-body/cad/concept/PART-202_battery_ENVELOPE.step,purchased motor/battery envelope: SKU unresolved,unquoted
PART-301_parking_-180_-130,parking_-180_-130,1,0.14378918859013098,CAD volume x assumed aluminum density,prototypes/balancing-body/cad/concept/PART-301_parking_-180_-130.step,new fabrication geometry; connections provisional,unquoted
PART-301_parking_-180_130,parking_-180_130,1,0.14378918859013098,CAD volume x assumed aluminum density,prototypes/balancing-body/cad/concept/PART-301_parking_-180_130.step,new fabrication geometry; connections provisional,unquoted
PART-301_parking_180_-130,parking_180_-130,1,0.14378918859013098,CAD volume x assumed aluminum density,prototypes/balancing-body/cad/concept/PART-301_parking_180_-130.step,new fabrication geometry; connections provisional,unquoted
PART-301_parking_180_130,parking_180_130,1,0.14378918859013096,CAD volume x assumed aluminum density,prototypes/balancing-body/cad/concept/PART-301_parking_180_130.step,new fabrication geometry; connections provisional,unquoted
PART-401,Two hands / end effectors,1,1,provisional mass budget,parameters.json,"combined allowance only; select source hand CAD, verify wrist interface and actual mass",unquoted
PART-402,"Balance MCU, IMU and motor-control electronics",1,0.6,provisional mass budget,parameters.json,candidate must support fresh IMU samples and deterministic <=5ms local loop; source hoverboard FOC board compatibility unverified,unquoted
PART-403,"Fasteners, power cables, fuse, DC/DC and harness",1,0.35,provisional mass budget,parameters.json,allowance only; connector and electrical protection selection unresolved,unquoted
