id,part,qty,unit_usd,price_basis,source,supplier,notes,extended_usd
A01,STS3215 7.4V C001 1/345 follower servo,12,13.89,repository quote,https://github.com/egc365/SO-ARM100/blob/5f6d2b876a53a4872e405b991dd925556c9e38a4/README.md,https://www.alibaba.com/product-detail/Top-Seller-Low-Cost-Feetech-STS3215_1600999461525.html,Two followers; NOT a leader/follower mixed-ratio bundle. Current landed price and included cables/horns/screws unverified.,166.68
A02,Waveshare Bus Servo Adapter A - arm,2,10.6,repository quote,https://github.com/egc365/SO-ARM100/blob/5f6d2b876a53a4872e405b991dd925556c9e38a4/README.md,https://www.amazon.com/dp/B0CTMM4LWK,Separate USB port and supply per arm; confirm exact board revision and rail voltage/current.,21.2
A03,5V source-listed external supply,3,10.0,repository quote,https://github.com/egc365/SO-ARM100/blob/5f6d2b876a53a4872e405b991dd925556c9e38a4/README.md,https://www.amazon.com/dp/B087LY41PV,Three separate banks; no paralleling. Rating and simultaneous stall capacity NOT qualified.,30.0
B01,7.4V STS3215 base servo,3,15.0,repository quote,https://github.com/SIGRobotics-UIUC/LeKiwi/blob/efa608d7ee5a495a4803b1d28cd0c955b4f1e033/BOM.md,https://www.alibaba.com/product-detail/6PCS-7-4V-STS3215-Servos-for_1600523509006.html,Use source LeKiwi wired/5V wheel configuration; confirm gear ratio and wheel-speed mode.,45.0
B02,Waveshare Bus Servo Adapter A - base,1,11.0,repository quote,https://github.com/SIGRobotics-UIUC/LeKiwi/blob/efa608d7ee5a495a4803b1d28cd0c955b4f1e033/BOM.md,https://www.amazon.com/dp/B0CTMM4LWK,"Same listed product, different source price.",11.0
B03,4 inch source omni wheel,3,9.99,repository quote,https://github.com/SIGRobotics-UIUC/LeKiwi/blob/efa608d7ee5a495a4803b1d28cd0c955b4f1e033/BOM.md,https://www.vexrobotics.com/omni-wheels.html,Legacy US purchase link returned 404; verify matching wheel/hub before procurement. 100mm RobotShop alternative requires hub recheck.,29.97
C01,Source-listed UVC USB camera,1,12.98,repository quote,https://github.com/SIGRobotics-UIUC/LeKiwi/blob/efa608d7ee5a495a4803b1d28cd0c955b4f1e033/BOM.md,https://a.co/d/236G8Wn,"Housing dimensions/lens position/current retail price unresolved; strap shelf is adjustable, not exact PCB mount.",12.98
C02,USB-A to USB-C two-pack,2,7.0,repository quote,https://github.com/egc365/SO-ARM100/blob/5f6d2b876a53a4872e405b991dd925556c9e38a4/README.md,https://www.amazon.com/dp/B0B8NWLLW2,Four data cables total; validate data capability rather than charging-only.,14.0
C03,Source-listed USB-C extension,1,13.99,repository quote,https://github.com/SIGRobotics-UIUC/LeKiwi/blob/efa608d7ee5a495a4803b1d28cd0c955b4f1e033/BOM.md,https://www.amazon.com/dp/B0BHHK1W95,USB tether from existing host.,13.99
C04,Source-listed UGREEN USB hub,1,16.0,repository quote,https://github.com/SIGRobotics-UIUC/LeKiwi/blob/efa608d7ee5a495a4803b1d28cd0c955b4f1e033/BOM.md,https://www.amazon.com/dp/B0BR3M8XHK,Three servo boards plus camera require four ports; verify actual hub port map/host compatibility before buy.,16.0
D01,M2/M3/M4 screw assortment,1,14.99,repository quote,https://github.com/SIGRobotics-UIUC/LeKiwi/blob/efa608d7ee5a495a4803b1d28cd0c955b4f1e033/BOM.md,https://www.amazon.com/dp/B0BMQGJP3F,Original mechanism fasteners; assortment may omit added M3x35/M3x75 and M3 standoffs.,14.99
D02,VOXELPLA HS Pro eggshell white 1kg,2,16.99,manufacturer listing observed,https://voxelpla.com/products/voxelpla-pla-hs-pro-eggshell-white-1-75mm-filament-1kg,https://voxelpla.com/products/voxelpla-pla-hs-pro-eggshell-white-1-75mm-filament-1kg,2kg planning allocation; slice actual source parts and add waste before final order.,33.98
D03,"Added standoffs, long bolts, washers, nuts",1,10.0,unquoted allowance,,,Added design hardware; allowance is not a sourced purchasable SKU.,10.0
D04,"Branch switches, fuse holders, wire, straps",1,20.0,unquoted allowance,,,Power disconnect and harness hardware; exact current-rated SKUs depend on bench measurements.,20.0
D05,"Two amber LEDs, resistors and wiring",1,5.0,unquoted allowance,,,Optional simple static eyes. No extra display motor or MCU promised.,5.0
